id,inputNews,summarizedNews
1,asdasdsad,asdasdsad
2,asdasd,Intinya...
3,asdsadsad,Intinya...asdsadsad
4,asdasd,Intinya... asdasd
5,asdasd,Intinya... asdasd
6,asdsd,Intinya... asdsd
7,asdasd,Intinya... asdasd
8,summarizedsummarizedsummarizedsummarizedsummarizedsummarizedsummarizedsummarizedsummarizedsummarizedsummarizedsummarizedsummarizedsummarizedsummarizedsummarizedsummarizedsummarizedsummarizedsummarizedsummarizedsummarizedsummarizedsummarizedsummarizedsummarizedsummarizedsummarizedsummarizedsummarizedsummarizedsummarizedsummarizedsummarizedsummarizedsummarizedsummarized,Intinya... summarizedsummarizedsummarizedsummarizedsummarizedsummarizedsummarizedsummarizedsummarizedsummarizedsummarizedsummarizedsummarizedsummarizedsummarizedsummarizedsummarizedsummarizedsummarizedsummarizedsummarizedsummarizedsummarizedsummarizedsummarizedsummarizedsummarizedsummarizedsummarizedsummarizedsummarizedsummarizedsummarizedsummarizedsummarizedsummarizedsummarized
9,"Jakarta, CNN Indonesia -- Bank Rekonstruksi dan Pembangunan Eropa (EBRD) memperkirakan ekonomi Ukraina bisa terkontraksi 30 persen pada tahun ini akibat perang dengan Rusia belakangan ini. Proyeksi ini berubah dari Maret lalu yang memperkirakan ekonomi Ukraina bakal terkontraksi 20 persen.
""Revisi di Maret sebagian besar didorong oleh kontraksi yang lebih besar dari perkiraan sebelumnya di Ukraina saat perang berlanjut,"" ujar bank tersebut, dikutip dari AFP, Selasa (10/5).

Mereka menyatakan perkiraan dibuat karena blokade ekspor dari Rusia membawa dampak buruk terhadap pertanian yang menjadi sektor utama penopang ekonomi Ukraina. Maklum, Ukraina merupakan eksportir terbesar gandum dan minyak bunga matahari.

Baca artikel CNN Indonesia ""Ekonomi Ukraina Diprediksi Minus 30 Persen Akibat Perang dengan Rusia"" selengkapnya di sini: https://www.cnnindonesia.com/ekonomi/20220510132834-532-795010/ekonomi-ukraina-diprediksi-minus-30-persen-akibat-perang-dengan-rusia.

Download Apps CNN Indonesia sekarang https://app.cnnindonesia.com/","Intinya... Jakarta, CNN Indonesia -- Bank Rekonstruksi dan Pembangunan Eropa (EBRD) memperkirakan ekonomi Ukraina bisa terkontraksi 30 persen pada tahun ini akibat perang dengan Rusia belakangan ini. Proyeksi ini berubah dari Maret lalu yang memperkirakan ekonomi Ukraina bakal terkontraksi 20 persen.
""Revisi di Maret sebagian besar didorong oleh kontraksi yang lebih besar dari perkiraan sebelumnya di Ukraina saat perang berlanjut,"" ujar bank tersebut, dikutip dari AFP, Selasa (10/5).

Mereka menyatakan perkiraan dibuat karena blokade ekspor dari Rusia membawa dampak buruk terhadap pertanian yang menjadi sektor utama penopang ekonomi Ukraina. Maklum, Ukraina merupakan eksportir terbesar gandum dan minyak bunga matahari.

Baca artikel CNN Indonesia ""Ekonomi Ukraina Diprediksi Minus 30 Persen Akibat Perang dengan Rusia"" selengkapnya di sini: https://www.cnnindonesia.com/ekonomi/20220510132834-532-795010/ekonomi-ukraina-diprediksi-minus-30-persen-akibat-perang-dengan-rusia.

Download Apps CNN Indonesia sekarang https://app.cnnindonesia.com/"
10,"Harga kripto berguguran bersamaan dengan harga minyak mentah dunia. Ironis, emas yang digadang-gadang sebagai aset safe heaven pun tertular.
Mengutip coinmarketcap.com, Selasa (10/5), aset 10 kripto dengan kapitalisasi pasar utama, rontok hingga puluhan persen dalam semalam. Bitcoin, mata uang digital paling pun merosot hingga ke level harga US$30 ribuan.

Baca artikel CNN Indonesia ""Kripto, Emas hingga Minyak Mentah Berjatuhan, Ada Apa?"" selengkapnya di sini: https://www.cnnindonesia.com/ekonomi/20220510130011-92-794997/kripto-emas-hingga-minyak-mentah-berjatuhan-ada-apa.

Download Apps CNN Indonesia sekarang https://app.cnnindonesia.com/","Intinya... Harga kripto berguguran bersamaan dengan harga minyak mentah dunia. Ironis, emas yang digadang-gadang sebagai aset safe heaven pun tertular.
Mengutip coinmarketcap.com, Selasa (10/5), aset 10 kripto dengan kapitalisasi pasar utama, rontok hingga puluhan persen dalam semalam. Bitcoin, mata uang digital paling pun merosot hingga ke level harga US$30 ribuan.

Baca artikel CNN Indonesia ""Kripto, Emas hingga Minyak Mentah Berjatuhan, Ada Apa?"" selengkapnya di sini: https://www.cnnindonesia.com/ekonomi/20220510130011-92-794997/kripto-emas-hingga-minyak-mentah-berjatuhan-ada-apa.

Download Apps CNN Indonesia sekarang https://app.cnnindonesia.com/"
11,asdas,Intinya... asdas
12,test123,Intinya... test123
13,Test 123,Intinya... Test 123
14,tes raihan,Intinya... tes raihan
15,summarizedsummarizedsummarizedsummarizedsummarizedsummarizedsummarizedsummarizedsummarizedsummarizedsummarizedsummarizedsummarized,Intinya... summarizedsummarizedsummarizedsummarizedsummarizedsummarizedsummarizedsummarizedsummarizedsummarizedsummarizedsummarizedsummarized
16,hello,"[-0.0352459848, -0.0776301622, 0.0236061104, 0.038081374, 0.0740554929, 0.0358151607, 0.0392020792, -0.0565796643, 0.0696732625, 0.0597005673, 0.067730017, 0.0432087928, 0.0180188715, 0.0883076712, -0.00401138794, -0.0381293334, -0.0268758833, 0.0204251651, 0.0295902155, -0.0537502728, -0.0591573641, 0.028441146, -0.00514547294, 0.0424177125, -0.0675308332, 0.0297567, 0.031153, -0.0678873733, -0.0151054272, -0.0232834108, 0.0503614955, 0.0293063596, 0.00768465223, -0.051877711, -0.041764129, 0.00924949534, -0.00815916434, 0.00625761645, 0.0440120436, 0.0236562975, -0.0387538634, 0.00324229221, 0.00132664701, -0.0483405069, 0.00799960829, 0.0468025133, -0.0520302653, -0.0556475893, -0.000148083534, -0.017361844, -0.0365803577, 0.0190217234, 0.0712392107, 0.0519598052, 0.0247448888, 0.0189898815, 0.069448255, -0.0561523624, 0.035243012, 0.0560394265, 0.0595175847, -0.0211033169, 0.0292041767, 0.0482430831, 0.0575536191, 0.0292253196, 0.0297341775, -0.0191765502, 0.0435032584, 0.00859252457, -0.00797132216, 0.0244057719, 0.00201167027, 0.00709209824, -0.0857697725, -0.00358286337, -0.0613557361, 0.0453248397, -0.0451800898, -0.0631371066, -0.0808658376, 0.0427729934, -0.0440617241, -0.0529573299, -0.0106786313, 0.0199940708, -0.0228115711, 0.0435579, -0.0245490968, 0.0663302466, -0.0600588471, 0.0683968067, -0.0220251586, -0.0361116193, -0.0200359654, -0.0760910735, 0.0197542533, -0.0612634905, -0.0499050766, 0.0197776873, 0.0601954535, -0.0661427677, 0.0234701373, -0.0479068384, 0.0333636478, 0.00419105683, 0.0498564579, 0.0829530135, -0.00809434894, 0.0364748314, 0.0148545038, 0.063866958, -0.0336052403, -0.0434049144, 0.0582245588, 0.0468886904, 0.0242923424, 0.00392842712, 0.0348554663, 0.0430525281, 0.0236018393, -0.0340374373, -0.00768785272, 0.0464068763, 0.0134514198, 0.0631324947, 0.0516838729, -0.00180559361, -0.00490623526, 0.0462105423, 0.0121336505, 0.0124879964, 0.0857822, 0.0783655494, 0.0091567, -0.00361394091, 0.00672556786, -0.0297092386, -0.0576340631, 0.0395489633, -0.0101884604, 0.0599226169, 0.00467436435, 0.00603158725, 0.0219763499, -0.0627386495, 0.0247479901, -0.0269985572, -0.0604999587, 0.0533259362, -0.000715826871, 0.0676367283, 0.00336338021, 0.0130528491, -0.0387962945, -0.00455677183, -0.0243955962, -0.0358564071, -0.0239431728, -0.0154234292, -0.00382653112, -0.0172148161, -0.0559970401, -0.0418306217, 0.0696053505, -0.00866157189, -0.0566295534, 0.00217508199, 0.0342276953, -0.0563031323, 0.03480836, 0.0229833983, 0.0294392873, 0.0226748865, -0.0724377, -0.0224822536, -0.0646175221, -0.0309082512, -0.00740156695, -0.00622727, 0.0499500558, -0.0513311848, 0.0297960415, -0.00675583, -0.018069597, -0.0672429278, 0.0687507242, -0.0655632, 0.0786095262, -0.0587364398, -0.0112025952, -0.000404167484, 0.0763689801, 1.66990339e-05, 0.0268417802, -0.091698505, 0.0511699058, 0.00561177311, -0.00415610382, -0.0340534896, 0.00704026036, -0.0246327724, 0.0495345369, 0.0878733397, -0.0274697412, 0.0423466265, 0.0363002531, 0.0212504733, 0.0124169979, -0.0660642087, 0.0756422058, -0.00288665202, 0.0703919679, 0.0592431203, -0.028538119, 0.0303547513, -0.0107073877, -0.0596769303, 0.0299255103, 0.00116018578, -0.0313268527, 0.0556385554, -0.0159817357, -0.0292328354, -0.069970347, 0.0393990166, 0.0368227102, 0.0429259166, -0.00668921694, 0.00780211901, 0.0702176, -0.00565486355, -0.0228282325, 0.0960736647, -0.0464983284, 0.042094741, 0.082248725, -0.00927488, -0.0420757085, 0.0354662277, 0.0231270585, 0.0348431319, -0.0466114506, -0.0714229867, -0.0324947387, 0.0071483897, -0.0115838079, -0.0619759373, -0.0273076277, 0.00754123414, -0.000543775095, 0.00762469135, -0.00330076274, 0.0590438023, 0.0194931738, -0.0508753471, -0.0173288193, 0.0509284623, -0.0337883867, -0.0113815861, -0.0565981716, 0.0464934, -0.0166437179, -0.0582549609, -0.0168241691, 0.0274723209, 0.0136550162, -0.0775777847, 0.0383978486, 0.0571044125, 0.0339754894, 0.0917479545, 0.0238430817, 0.0490686074, 0.0636361, 0.0145439235, -0.0458868854, 0.0538352095, 0.0674182847, 0.0185693521, -0.0566357188, 0.0233833846, 0.0510091968, -0.0419044644, -0.0537035204, -0.00955594704, 0.0390534587, -0.0223772246, -0.0792212188, 0.0535105653, 0.0297786146, -0.0249336436, -0.07788717, 0.067370072, 0.0638113692, 0.0861247778, 6.76895e-06, -0.0496035516, 0.0108647449, -0.00271931733, -0.033301346, -0.070412308, 0.0240481663, -0.0743121877, -0.033353392, 0.0582231507, 0.0464366339, 0.0549501, -0.0104045877, -0.0313287415, 0.0384080745, -0.0491544418, -0.016664939, -0.0142353261, -0.0015949246, 0.057327494, -0.00403491175, -0.0185144432, 0.0543918721, 0.000480018731, -0.0673927218, 0.00994571298, -0.0139057431, 0.0295466315, 0.0767894834, 0.082381852, 0.0497124605, 0.0664641634, -0.0146077145, 0.0324855968, 0.056767229, -0.00448558154, 0.0692511201, -0.0164221842, -0.0682279691, -0.0685129687, 0.0482804663, 0.0533974841, 0.0138323456, -0.0100411922, -0.0679731, -0.0817835256, -0.0341245681, 0.0348195285, 0.0263472982, 0.0443592183, 0.00290472782, -0.0343510248, 0.0501922965, 0.0457621664, 0.0097001, -0.0425074846, -0.0494831763, -0.00898617133, -0.0310076401, -0.00862543, -0.0837210566, -0.0356780924, -0.0217757672, 0.0171797089, 0.0301689059, -0.0625704, 0.0788336843, -0.0478832349, 0.0240833424, 0.0632438138, -0.0269552469, 0.0659722, 0.0257051922, -0.0193671677, 0.0528267398, -0.0654758587, 0.00984195527, 0.0383943208, -0.0197337065, 0.0797159299, 0.0697045699, -0.0588617511, 0.0525515154, -0.0824831352, -0.0158211365, 0.0237207469, 0.0476151556, -0.0554332845, 0.0576211214, -0.00157684635, -0.0426133126, 0.0492231324, 0.0343475938, 0.059907753, 0.0283415392, -0.00216917507, 0.0449086837, -0.0526186489, 0.000696456642, -0.0435543098, 0.0157029685, 0.0183280874, -0.00373735116, 0.0544934198, 0.0010664732, 0.0452926718, -0.020758003, -0.0503004715, 0.0102238934, -0.0327009633, 0.051464472, -0.00631156098, 0.0627269298, -0.0429521389, -0.048454307, 0.00570142502, 0.0166885778, 0.00155743433, -0.0725896731, 0.041660808, 0.0588456206, 0.070867531, -0.078667663, 0.0405582264, -0.0384768583, 0.00579986442, -0.0632591099, -0.00245348574, 0.0534982048, 0.0803418383, -0.0594941676, -0.0077686985, 0.0186899696, 0.072048746, -0.0611773692, 0.0248843227, -0.0383231193, 0.0435642339, 0.0601000227, -0.0407333374, -0.0156677831, -0.0133710327, -0.0121499458, 0.0133471023, 0.0747808367, 0.0168787986, 0.0579219833, 0.00280337757, 0.00476091262, -0.00387596386, 0.0263859164, -0.0406907201, -0.0533583201, -0.00454686349, -0.00870530773, -0.0402332284, -0.0238810014, -0.0435052179, -0.0638460442, -0.00782678835, -0.00384925073, -0.0643164441, -0.000584927096, 0.0204993095, 0.0582042858, -0.0487994775, -0.000276042963, -0.0477669537, 0.0408945642, 0.0225020815, -0.019717237, -0.0376297273, 0.0228593405, 0.036042273, 0.0522100367, 0.051771149, 0.0814711079, 0.0609147921, -0.0281553026, -0.0057032262, -0.0454315469, 0.0133137107, 0.0352311, 0.0601191856, -0.0628449619, -0.0797195584, 0.0594400801, -0.0185652021, -0.00985357, 0.0350359865, -0.0227298215, -0.0499792546, 0.0143733276, -0.0162954032, 0.0130339209, -0.0525875799, -0.0553543456, 0.0653868914, 0.0507847033, -0.0415122472, 0.0110504199, 0.014542901, 0.0954219624, 0.0579263307, 0.0197592471, 0.0355277173, -0.0754679888, -0.0916392654, -0.0224499069, 0.0664210171, 0.0127029838, -0.0306306574, -0.0541855246, -0.04345534, -0.0390816554, -0.00791796204]"
17,Pagi,"[0.0655498505, -0.0220894869, -0.00196601427, 0.0389290303, -0.063430056, 0.0683533, -0.0499715023, -0.0494217277, -0.0193064399, 0.0217005275, -0.00218496751, -0.0299195237, -0.0319435224, 0.0140016153, -0.0558990315, 0.00210806471, -0.0569078103, -0.0807722881, -0.0556731746, -0.0402097218, 0.0358838029, 0.0363255516, -0.0264241491, -0.057855051, -0.0530396, -0.0434505492, -0.076429069, -0.0843108818, 0.0460216627, -0.00115562207, 0.017403828, 0.0569525175, 0.00744515052, 0.0580607727, 0.0588446818, -0.0461786352, -0.0562103912, 0.0554412603, -0.0790445432, -0.0546324179, 0.0577808321, -0.0118648112, 0.0238126107, 0.0539971143, 0.0114818383, 0.0234672986, -0.0893181637, -0.0509820096, -0.0166487023, 0.0239498466, 0.0309221186, 0.0660756528, 0.0660056, 0.0425315648, -0.0118316133, -0.0205420069, 0.0309480149, 0.0146032795, -0.00479744188, -0.0324039795, -0.0572140366, -0.0647361875, -0.0406680703, 0.0695957392, 0.0402824506, 0.0355961211, -0.0106131956, -0.00233456539, -0.0454414971, -0.0120420139, 0.0756549612, -0.0643171743, 0.00988624059, -0.0284770411, 0.0538852029, -0.00335187349, -0.0463606, -0.00317417737, -0.0354313143, 0.0604248755, 0.00167942233, 0.0332556479, -0.00560894422, -0.00313274702, 0.0192583743, -0.0167295858, -0.0190629363, 0.0992113054, -0.0592111945, 0.03981594, -0.0148091977, 0.0262678266, 0.0662409738, 0.0131532783, 0.00435153395, -0.0238562431, -0.0200505815, -0.0285819639, -0.010615496, 0.0425941, 0.0186685864, -0.0164200775, 0.0227921754, 0.108212166, 0.0419547744, 0.0125799291, -0.0391792841, 0.00387626397, 0.0468900315, 0.0286684614, 0.00877904799, -0.0350893438, -0.037563432, -0.0240856037, 0.00865384843, 0.0476096645, -0.0543190576, 0.0479265936, 0.0561189353, -0.0351655073, -0.00983403251, -0.0670745522, -0.00410252623, -0.0071867709, 0.00165482762, 0.0380923674, 0.0408780873, -0.0492550023, 0.0316174, 0.0640561134, 0.00471321493, 0.0239578281, 0.116946846, 0.0696378574, -0.080814071, 0.0163307637, -0.0235125571, -0.0480542518, 0.0210068487, 0.0300825201, -0.0690459535, -0.0728943199, 0.0439380854, -0.0381905176, 0.00205278071, -0.0296975356, 0.00172948383, -0.0716099143, -0.0198615249, 0.025230499, -0.0218275562, -0.0189981405, -0.00520122098, 0.00296926615, -0.0388635844, 0.000444069796, 0.0177385, -0.0247085933, 0.0279699434, -0.044996582, -0.0476864576, -0.0662243, 0.0661535859, 0.0097003188, -0.027220929, -0.0578014441, 0.0265255943, -0.00275217625, -0.0351611972, 0.0195687357, -0.0544556864, 0.00130087894, -0.00497089047, -0.0370716304, -0.0404371917, -0.0798544735, 0.0649594143, -0.0515754074, 0.00977680366, -0.0531177, 0.00287786289, 0.0816034377, 0.0132337091, -0.0412158147, 0.0511230752, 0.0156284254, -0.0279523581, -0.0233127922, 0.076629959, 0.0374073237, 0.0206846595, -0.0212454498, 0.0441416502, -0.0651105195, -0.048432637, -0.0274957474, -0.00394219579, -0.0302258227, 0.0537203923, 0.0457589068, -0.0971716791, 0.0469698273, 0.0147595527, 0.0341093913, 0.0183082651, -0.0605848134, 0.0232146084, 0.0759386867, 0.000931123679, 0.0212150142, -0.0163271856, 0.0847426131, 0.0497261584, 0.0814031437, 0.0281933397, -0.0162587091, 0.0111082438, -0.0372007042, 0.0321796425, -0.00677014235, -0.00578434579, -0.0212357789, 0.0203045383, -0.0442723036, -0.0363190211, -0.0787986219, 0.0224053077, 0.0552863069, -0.0307150315, 0.0281354338, 0.0412488952, 0.0165395122, 0.0127058215, 0.116813518, -0.0648846403, -0.00160875567, 0.0243215263, 0.0853471085, -0.0161463171, -0.0146886837, 0.064546831, 0.0796994492, -0.0273845494, -0.0622966, -0.0591087602, 0.0559370779, 0.0380554721, 0.0460181534, 0.0671064854, 0.0159606915, 0.0478401668, -0.0872686654, 0.0128028113, -0.0160294306, 0.0323993564, -0.00928866, 0.029339483, 0.0588631742, 0.00275386032, -0.0339542, -0.0543235093, -0.0184526984, -0.0117109409, 0.06470792, 0.0621660873, -0.0280658808, -0.0232692901, -0.0023662711, 0.00236106943, -0.00351975742, 0.0347299948, -0.0570364818, -0.0123857623, -0.0451656617, -0.0425747558, 0.00547442166, 0.0844491869, -0.0203112159, 0.0333525389, 0.0240613837, 0.0650656223, 0.0171791613, -0.0165884979, -0.0258096568, 0.00108836545, -0.0288594868, 0.0529250279, 0.0203384329, -0.110265903, -0.0524730422, -0.0742428452, 0.0151388533, 0.0311686229, 0.00124714919, 0.00384905143, 0.0279519577, -0.00180854334, -0.0091163069, -0.0109222867, 0.020379141, 0.0470039, 0.0589339025, -0.0280863736, 0.0847928375, -0.0735273287, -0.0421004891, 0.0314204656, -0.0887236, -0.0324029, -0.0221384205, 0.00485037174, -0.040131323, -0.0469624512, 0.0469530039, -0.010014575, -0.00381722581, -0.0201726351, 0.0368154272, -0.030606389, -0.0247698594, 0.0196856298, -0.0444506817, 0.00243438035, 0.0455311202, 0.0261773914, 0.017431343, -0.0198316686, 0.0366057642, 0.0159681421, -0.0176925827, -0.0370152034, -0.0748849511, 0.0450079069, 0.0614289604, -0.0233096443, 0.000778764603, 0.0222886819, 0.0461929888, -0.00768845435, 0.0363271348, 0.0034485308, -0.0508122221, 0.0403631628, 0.0332385898, 0.0203746278, -0.0693350732, -0.0182235595, 0.0773441568, 0.0142980805, -0.0152933421, -0.0731257722, 0.0306109972, 0.0360678919, -0.0299594272, -0.0357610844, 0.00575065, -0.100873075, 0.0436748229, -0.0284832232, -0.0188906714, 0.020702403, -0.0455597155, -0.0909326077, -0.0148056755, -0.0350487605, -0.0735472441, -0.00213986286, -0.0548019931, 0.0020461618, 0.0583870746, 0.0901187, -0.0595364943, -0.0180687457, -0.0192577858, -0.040325474, 0.0101762712, 0.0109249847, 0.040938247, 0.0297417436, 0.0801561475, 0.0178290829, 0.0652571, -0.00872851815, 0.0327336863, 0.0162477698, -0.0713007, 0.0290157143, 0.0319325626, 0.032597, -0.069735229, 0.013459296, 0.025918195, -0.00308497, -0.0325285904, -0.0364313573, 0.0230969433, 0.0050376039, 0.0481075607, -0.0561934598, -0.00891796127, -0.00944012, 0.081433937, -0.023714697, 0.0054874667, 0.0331937, 0.00772969378, -0.0379187725, 0.0850253478, -0.0614647157, 0.0206852276, -0.0363347493, -0.0180231892, -0.0242572911, -0.0143186264, -0.0672917068, 0.0569638647, 0.0436435714, -0.0263884328, -0.0420249104, 0.0155665074, -0.0356514081, -0.00493398402, 0.0331487842, 0.0192644801, -0.0197432619, 0.0431519896, 0.0403033346, -0.0436052978, -0.0825434625, 0.00728170667, -0.0714195371, 0.0542759299, -0.0135537758, 0.0634074509, 0.00808153301, 0.0271215457, -0.0440160483, -0.0620242208, 0.0299948975, 0.0189896207, -0.00381884235, -0.031250529, 0.00984559208, 0.0305482112, 0.0100259548, -0.0642802045, -0.0729773566, 0.0204961076, 0.0347268, 0.0643603876, -0.032727696, 0.0646181, -0.0408174247, 0.0507096611, -0.0343516469, -0.060134206, 0.00029361964, -0.00567767024, -0.0763561577, -0.0106728058, -0.0091921147, 0.0162118115, -0.00155297504, 0.040355552, 0.0626449361, -0.0656617209, 0.0461648181, 0.0215807222, 0.0595627353, 0.0722972155, 0.0555544905, -0.0603664219, -0.00383381709, 0.0539859645, -0.0431469679, 0.00821343064, -0.0293212105, 0.0151198665, 0.0428898335, 0.0304377917, 0.0632064566, -0.0686724111, 0.0167403296, 0.0839868262, 0.0771410763, -0.0693647712, -0.0555568524, -0.012519042, -0.00443879701, 0.0694260225, -0.0582174845, -0.0317651145, -0.0544125289, -0.0238300599, -0.0430882089, -0.0211407, 0.0579267293, -0.0209556576, 0.0132934758, 0.0373024158, -0.0308970846, -0.0179179385, 0.0428417288, -0.115761526, 0.0633799285, 0.010795665, -0.0381356776, -0.0514330417, 0.0389870964, 0.0853925049, 0.0158447232, -0.112190299]"
18,berita,"[-0.0201719515, 0.00891399663, 0.0359252468, -0.0517749, 0.0145816756, 0.00749100465, 0.0209916551, -0.0674242377, -0.0138013465, 0.03695032, 0.00296631502, 0.0643147901, -0.00661145104, -0.00697083119, -0.0547632389, 0.102537394, -0.00606799964, -0.000928346242, -0.0257771574, -0.00936451927, 0.0195248742, -0.00955430791, 0.058076, -0.0206977017, -0.064158529, -0.00332827051, 0.0121818576, 0.00262932316, 0.0664102063, 0.032392934, 0.0308716539, -0.0607581474, -0.0683033466, -0.0912633762, -0.0963622853, 0.104031414, -0.00535858516, -0.00922346674, 0.00744364643, 0.0220790543, -0.00315798633, -0.0201410484, -0.0126589499, 0.051551342, 0.00124104251, 0.0311933663, -0.0492122211, 0.0494427681, -0.0346624143, 0.0852967501, 0.0190830119, 0.0222110953, 0.123635724, 0.0696660802, 0.0500183366, -0.018674003, 0.0839045867, -0.036260277, 0.0301546808, 0.0107152043, 0.0043657436, 0.057807371, -0.0109341079, -0.0291331615, -0.0636235625, 0.0429981835, -0.0320168883, -0.0584092773, 0.0513660423, 0.0544722565, -0.0336119346, -0.0352081172, 0.0241668355, -0.0499950312, -0.0551079065, 0.0328871869, -0.0590857305, 0.0159221, -0.0667032078, -0.00217553973, -0.00408729725, 0.0405565575, -0.027682513, -0.0469354056, 0.00248510065, 0.0346906446, 0.0325189345, 0.0366584845, 0.0587044843, 0.0401613563, 0.0142102195, 0.0104581974, 0.0250716358, 0.00359759922, -0.0265809614, 0.00684070075, 0.0163584184, 0.0169530809, -0.0260892957, 0.0348643437, 0.0850670412, -0.0335836858, 0.01625707, -0.033579506, 0.0189594831, 0.0244357958, -0.0476351641, 0.0297584962, -0.0436223485, -0.06625361, -0.0340609811, -0.0619250871, -0.0150564443, -0.0297389273, -0.0779759511, 0.0968234092, -0.0417434871, -0.0421379507, -0.047193639, 9.42688785e-05, -0.055577673, 0.000484686898, -0.0328416228, -0.0588245, 0.00451964885, 0.0157383103, 0.0172698852, -0.0527249835, 0.0709456876, -0.00170893967, 0.0255861599, -0.00165911647, 0.149178028, 0.0834091231, 0.0228253659, 0.0326092429, 0.0548419543, 0.0083291335, -0.0182644557, -0.0645923242, -0.00581378303, -0.0509445816, 0.0550662763, -0.0822620392, -0.0316886045, -0.00694015669, -0.0152681461, -0.00288242358, 0.0596041568, -0.0341111757, -0.0126034059, -0.0288450904, -0.104260296, -0.0250110123, -0.00524550816, 0.025030192, 0.0067833215, -0.0583034977, 0.0247391853, 0.0109268781, -0.00262476504, 0.0295322202, 0.0595674515, -0.0682319924, -0.0168219823, 0.0370379053, -0.0338467732, 0.0584924556, -0.0641118, -0.0454933196, -0.00817648, 0.0349062085, -0.0154076796, -0.0487120673, 0.0271617435, -0.0325343944, 0.0442672595, -0.0592617095, -0.0258592051, -0.0362651646, 0.0201125499, -0.00984721817, 0.0155217983, 0.0455688275, 0.0540824682, 0.027199233, 0.031660039, -0.077235736, 0.0854952484, 0.101591967, -0.0261749122, 0.036368724, 0.0437916368, -0.0103427731, -0.049810674, -0.0621372908, 0.0371804722, -0.00771289319, -0.0178857613, 0.0387912765, -0.037991643, -0.00632949732, 0.00651880447, -0.0108327642, 0.0160068534, 0.0261704717, -0.00544946501, -0.0635531619, 0.0434795, -0.000647309062, -0.0512439422, -0.0794874057, -0.037958689, -0.0332058817, 0.0332908519, -0.0395490229, 0.00127273437, -0.0221630447, 0.0574712977, -0.02471352, 0.0217338763, -0.0623141974, -0.0449328385, 0.0302463695, -0.0169301257, -0.0103577236, 0.0481948107, 0.0526591912, -0.0851104185, -0.0250604339, -0.0306832213, -0.0895396397, 0.0291376859, 0.15217334, 0.0193453375, 0.00762090273, -0.039268177, 0.0371850133, -0.106924124, -0.0484894216, 0.0561722033, -0.0226889309, -0.0230853502, -0.0466974229, -0.0207092259, 0.062782, 0.0201311279, -0.0306328367, -0.0370598771, 0.0393695496, 0.00718496786, 0.0340235308, 0.022759201, 0.0619214028, -0.0262118615, -0.0237277262, 0.0246414617, 0.0315546095, -0.0555083752, -0.0259584635, -0.0959893838, -0.00537668122, 0.00114397518, -0.0791937, 0.0756363869, 0.0380254537, -0.0108689303, -0.0255294703, -0.00317249121, -0.0224625077, 0.0159771349, 0.0241029523, -0.00842113327, -0.0438566692, -0.0311361421, 0.0287107602, 0.00468237512, -0.00305087608, 0.0273482632, 0.0505397953, 0.080100365, 0.0141703673, -0.0012139522, -0.010513735, 0.00258773309, 0.0767147243, 0.0463682674, 0.0452829339, -0.0552535132, 0.0402681604, 0.0209266897, 0.00670501636, -0.0530878715, -0.0530684516, 0.0453740396, 0.0125811156, 0.0207572114, 0.00873287208, 0.0347283408, -0.0326901674, 0.0554284044, 0.0325156264, -0.0229536891, 0.0374038704, 0.0432624407, 0.0264872, 0.0633395389, 0.0570466258, 0.0176210422, -0.0535932481, 0.0514052, 0.0213768445, -0.0216895286, 0.0690213591, -0.0304197613, 0.025289923, -0.0208262373, 0.0286043473, -0.0385577679, -0.066686213, 0.0286290161, -0.0614668466, 0.0181623492, 0.0395291448, -0.0159123931, -0.0234624613, 0.0178506579, 0.0248592086, -0.0392910168, -0.00368666858, -0.0687048212, -0.0708589256, 0.0568596311, -0.0277975798, -0.0633296818, -0.0329878815, 0.0149744712, 0.0234445389, -0.0208895579, 0.0653428, 0.0135067776, 0.0140066445, -0.0323602222, 0.00709285308, -0.00798357278, -0.018808417, 0.0100463768, 0.0403690413, -0.0611460358, -0.0251639467, 0.0128825307, 0.033962328, -0.0555225238, 0.0607319586, -0.0123016126, -0.0515424199, -0.103188187, 0.035888616, 0.0582218356, -0.0331592597, 0.00737193832, -0.0710789934, 0.0332198143, -0.0289835967, -0.0304921288, -0.0104805129, 0.0626774654, -0.00893440749, 0.0884142071, 0.0446328968, 0.0184521154, -0.0498374216, -0.00252168882, -0.0541842803, -0.0634094626, -0.0350101143, 0.0372158065, 0.00164047303, -0.0559259467, -0.050455492, -0.0462227799, 0.00655930769, 0.0816553459, -0.061433211, 0.0941711962, -0.0412751213, 0.0377204083, 0.0267987531, 0.0529956073, 0.0522810109, 0.0514295809, 0.0461772718, 0.0314360969, 0.00968415476, -0.0144367097, -0.0551594123, -0.0433952, 0.046283707, -0.0723848, -0.00359342876, -0.0143954875, 0.00512752589, -0.00368402, -0.0362823829, -0.0234886594, 0.00305558904, -0.000273807382, 0.0180355087, -0.00970769674, -0.0679153502, -0.067066662, -0.0337208956, -0.0524086133, -0.0100565115, -0.0511530451, 0.0073409793, -0.0442429185, 0.00454736035, -0.0243012533, -0.00308616343, 0.00171349035, -0.00338442205, -0.0500508137, 0.00413374975, 0.0517727472, -0.0242970232, -0.00599958748, 0.0529868118, -0.0307954233, 0.0167855807, 0.0627630129, -0.0402023904, 0.0226314459, -0.0567354448, 0.0649280399, -0.0140613951, -0.0247942843, 0.00140999362, -0.079288438, 0.031381879, -0.00651649386, -0.0535969436, 0.00167382811, 0.0233162437, 0.0232950784, -0.00161999639, 0.0179256219, -0.0268355403, 0.0246181395, 0.0133174183, -0.0107803978, 0.0455600843, -0.0177711677, 0.0154603589, 0.00385230593, 0.0353290066, 0.0108137401, 0.0536781922, -0.0289106332, 0.0237470921, 0.0103062782, -0.0426385254, 0.0348227657, 0.026449101, -0.0094773192, -0.027712822, -0.00661893655, 0.0351913273, -0.0177187305, -0.015605025, -0.0182169043, 0.0124178361, -0.0650409237, -0.000169477891, -0.00619638106, -0.0246785637, 0.0205643643, 0.0496496, 0.0735966, 0.0881607234, 0.0423875339, -0.110518269, 0.0113924881, 0.0835524648, 0.0369152315, -0.043431893, -0.0161427669, 0.0653130263, 0.0654653311, 0.0583854839, -0.0351694599, 0.0280256551, -0.0137889944, 0.00598003622, -0.0117289349, 0.0023111573, 0.0575446598, -0.0521847606, -0.0909223855, -0.00285593467, -0.0888224617, 0.00364027126, 0.0568488948, -0.149577141, 0.0936856642, 0.0691444725, 0.0144112865, 0.0434213132, -0.0328569748, -0.0580787845, 0.0540919416, -0.0709696]"
19,halo,"[0.00969669223, 0.0501927026, 0.0445177667, -0.0500607155, 0.0458763093, -0.0590199232, 0.0762257576, -0.0532161966, -0.0228665899, 0.0473632514, 0.0601543635, 0.0528098494, -0.0595237277, -0.0543077178, -0.0706291497, -0.0122296894, 0.0219515041, -0.00920168217, -0.0615764745, -0.07574, 0.0364427939, 0.0621327981, -0.00587578258, 0.0535389297, 0.00814190134, -0.0465557873, -0.0360730849, -0.0435766019, -0.0349173881, 0.0407524854, -0.0642390102, -0.0526037179, -0.0484746322, -0.0289790649, -0.00445288094, 0.062743, -0.00979350414, 0.0099397013, 0.053521663, 0.0120715937, 0.0257992968, -8.20652931e-05, -0.0578417219, -0.00719459774, -0.0145232407, 0.0775534, -0.0330834538, 0.0479101464, -0.0411219746, 0.083713904, 0.08358372, 0.0194802079, 0.075796932, 0.047200568, -0.0633787289, -0.0130315414, 0.0206658375, 0.00263485918, 0.0173477642, -0.00589738879, -0.0712922364, 0.00874272268, 0.0299185794, -0.000756171066, -0.040364977, 0.0595496818, -0.0118038217, 0.0123080956, 0.0775189325, 0.0486538038, -0.0813747272, -0.00697451457, -0.0422621146, -0.00931087881, -0.00973961595, 0.0213352032, -0.0321031511, 0.0234081596, -0.0662353188, -0.0241964087, 0.0446082875, -0.0115769682, -0.0747269914, -0.0245979503, -0.0297331307, 0.0334088579, 0.00500062946, 0.0398019888, -0.0454699248, -0.0429104194, 0.00518129254, 0.0119858226, 0.0354651809, 0.0810772777, -0.028104, -0.0304683223, -0.0724321306, 0.0264276117, 0.0519173816, 0.0491193831, 0.0693443567, -0.029020654, -0.0462220497, -0.0254756734, 0.0258151591, -0.0262494292, 0.0473871715, -0.0392139666, -0.00826565921, 0.0591803826, -0.052815944, 0.045520246, -0.0624002255, 0.0207188651, -0.0141142495, 0.015011536, 0.0306628272, -0.0379336253, -0.079425633, 0.0446416102, -0.0564528666, 0.0110234022, -0.0732563436, 0.0177404862, -0.00186502782, 0.0725530833, -0.0588104166, -0.0765774474, -0.00771994842, -0.033722885, 0.0578813218, 0.0385956, 0.063182041, -0.008934482, -0.0224258639, 0.0196569879, 0.0679127797, 0.0537471361, 0.027630439, -0.024502445, -0.0349030234, -0.0548636466, 0.0608139, -0.082638666, -0.0154415891, 0.0185628012, 0.01595922, -0.06812343, 0.00800544675, -0.0273456741, -0.0454239026, -0.025530003, -0.0775819123, 0.0550739728, -0.0608446039, -0.0441515483, -0.077129893, -0.0810800195, 0.0514013395, 0.0677827522, 0.0283558965, 0.0372463204, -0.0432535522, -0.00894284528, -0.00347068161, -0.0412281454, -0.0433613397, -0.045548398, 0.00548637146, -0.0120878071, -0.0515436083, 0.0520140193, 0.0386126675, 0.0379550792, 0.00782132894, -0.0577792488, 0.0434927419, -0.0795789436, 0.0380680263, -0.0233592987, 0.0731500462, 0.0358061455, 0.0565375872, 0.0594940595, -0.0225354396, -0.0194629543, 0.0601116, 0.00503105344, 0.0546749867, -0.0318337865, -0.0705473572, -0.0602396, 0.0720489, -0.0144953774, 0.0456286371, -0.0653199181, -0.0158598684, -0.0174714141, -0.0217099935, 0.0132032614, 0.0154124694, 0.00775822159, 0.0764483288, 0.0175870638, -0.0314009227, -0.029031042, -0.0567259677, -0.0100361966, -0.00136353169, -0.00148014107, -0.0551600754, -0.0694088712, 0.0182732046, 0.0188078173, -0.0239606965, 0.0166224502, -0.0225940607, -0.00822390337, -0.00577504653, 0.0442722, -0.072004877, 0.0360617898, 0.0677438155, 0.012420333, 0.0564714223, -0.0729527846, -0.0436812527, 0.0125761852, 0.0335077345, 0.0218837727, 0.00867019314, 0.0107981013, 0.0457497835, 0.0833607838, 0.0335811563, 0.0495001972, 0.0125425709, -0.0424617901, -0.0389844216, -0.0465353616, 0.0487602539, -0.0300275479, -0.00645345775, -0.0213792287, -0.067344971, -0.0333704203, -0.00178157876, -0.0323095731, -0.00498188613, -0.0179620869, -0.0778566897, 0.000673936738, -0.0147433151, -0.0373826586, -0.0473597571, -0.00838469248, 0.0512290075, -0.0191655438, 0.0233834982, 0.0452890769, 0.0132423779, 0.0152793191, 0.0143378535, 0.00627393601, 0.022827195, -0.0184663087, 0.0677185208, 0.0192943458, 0.042449072, 0.0395147726, -0.0257013664, -0.00552453101, -0.0148212099, -0.0462925732, 0.0242557414, 0.0490867347, -0.0571268052, -0.066624172, 0.0779219419, 0.0574607328, 0.04925403, -2.75317616e-05, 0.0366380736, 0.0254365671, 0.0193540044, -0.0703295916, 0.020674115, -0.0189739317, -0.0572306849, 0.0463206843, 0.014133973, -0.0226364434, 0.0809847489, -0.0358747318, -0.00307250256, 0.048134312, 0.0503855, -0.0255393088, -0.0453403033, -0.0836410746, 0.0258944146, -0.0815286562, -0.0273650978, -0.0729307607, -0.0216268152, 0.0654685497, 0.0384007581, 0.0172217563, -0.0394157209, -0.00151604635, 0.0814250857, 0.0238864664, -0.0392900929, 0.0137584414, -0.0205869041, -0.0820043162, 0.0668895841, -0.00270825066, -0.0281554163, -0.0648200884, 0.058859393, 0.0433454141, 0.0138844522, 0.0333868675, -0.0412918888, -0.0600080267, -0.0567826852, 0.0702963397, 0.0363088138, -0.0623222366, 0.0132648433, -0.063671276, -0.0661221445, 0.0214845445, -0.0571150444, 0.0317081884, -0.0188516825, 0.0495015718, -0.0275046118, -0.0481527746, 0.0118925329, -0.0462797396, -0.0228817798, -0.0452443063, 0.019112451, 0.0372471288, 0.0123164756, 0.0583732277, -0.0352333561, 0.0244175754, -0.0176970791, -0.00909331, 0.0176983662, -0.0264083985, 0.0690968558, -0.0612109974, -0.0817548633, 0.0761406794, 0.0161035154, -0.0670570359, -0.0331029892, -0.0136346761, 0.0794511884, 0.0220645349, -0.0433029309, -0.0283475444, 0.0687228665, 0.006272614, 0.0624658689, -0.0240687225, 0.0242159422, 0.0106051546, 0.00543828309, -0.00269694161, -0.0155436648, -0.0451054461, 0.00731541, 0.0325304382, -0.00394751783, -0.0808046386, -0.0567945503, -0.0616764873, -0.00541176274, 0.043812681, 0.0596645698, 0.00502787111, -0.0111052562, -0.047871545, 0.00234880694, 0.0804943815, -0.0125135127, -0.0737756714, -0.0191957373, 0.0371856689, -0.0659437329, 0.0236407239, -0.0408559926, 0.0299497657, -0.0410095528, 0.00621320261, -0.00762486132, 0.0827014893, 0.059012711, -0.0461449102, -0.0478899479, 0.0590756685, 0.0464987792, 0.0234683864, 0.0141383968, -0.0475971252, 0.00250018947, -0.0341761895, 0.00736128259, -0.0527818389, -0.0564713515, 0.0820792913, 0.0778255314, 0.0140428822, -0.0175883472, 0.0585313849, -0.057986252, -0.0272514112, -0.0535182878, -0.0411503501, 0.0100275083, 0.0424506813, 0.0103382301, 0.0595468022, -0.0530606, 0.0186212435, 0.0717039183, 0.0139257535, 0.0112097245, -0.0518959872, 0.0441234969, -0.0499009, -0.0582711883, 0.0747351423, -0.0508507676, 0.00803762302, -0.0827283785, -0.000588423747, 0.02250278, 0.0304108523, 0.0461238027, 0.0237924, -0.0507109277, -0.0176086575, -0.0216868892, -0.066537261, 0.0809628516, -0.0642425194, -0.0673962533, -0.0518611632, 0.0627687573, 0.00201266562, -0.00301942602, -0.00507864309, 0.0179135893, 0.0662520081, -0.0364945829, 0.0270952135, 0.0674137101, 0.0483832024, -0.0342183784, -0.0530871265, -0.0746424794, 0.0467357188, -0.0407532901, 0.0404603034, 0.0462813713, -0.0518699065, -0.0309166815, -0.0505744517, 0.010343465, 0.00410458399, -0.0401389375, 0.0821395, 0.00070385891, 0.00631750328, 0.0460545309, -0.0547713973, 0.0415705256, 0.0627443939, -0.0258622561, -0.047928907, -0.0417369828, 0.0558145978, -0.0224813912, 0.0464858785, -0.0176884048, -0.0406560935, -0.0392645039, -0.0249398258, 0.0199158061, -0.0292765349, -0.025297204, -0.0592095964, 0.00620943867, -0.00522908708, 0.0207819, -0.0224001016, 0.0323177502, -0.0814936459, 0.0186182875, 0.0146743925, 0.0344662368, 0.0361857899, -0.0206508357, -0.0231309198, 0.0490873568, -0.020644255]"
20,Rumah,"[0.00514295651, -0.00618716609, 0.00656119082, 0.0262252223, -0.015053506, -0.0119513785, -0.0329598263, -0.0791436657, 0.0182685014, -0.0426380634, 0.045392774, 0.00619945629, -0.0182579085, -0.0324073657, -0.0232601855, 0.0261158, -0.0171655621, -0.0397550128, -0.00881505292, -0.0186508186, 0.0504917428, 0.0900340825, 0.0140563091, -0.0821880624, -0.00734530063, -0.0403918847, 0.00361450273, -0.0298938043, 0.0401374288, 0.0353260487, 0.0353927873, 0.064772591, -0.00473984051, -0.0388936736, -0.0157201178, 0.0354865454, 0.0245807543, 0.0822190866, -0.113600925, 0.0070510814, -0.00541403843, -0.0473946407, 0.0248272065, 0.0255602896, -0.0393573754, 0.0374138877, -0.084800154, -0.00812556315, -0.0338274166, 0.0318139829, -0.00322666671, 0.0594008118, 0.0458956026, -0.0104749613, 0.0134013277, -0.0437919907, 0.0540948398, -0.0046651368, 0.0324007049, 0.0667609, 0.00305518927, -0.0452645123, 0.0124060251, -0.00299600861, 0.00233777519, 0.00793223642, -0.0625151768, 0.00516279507, -0.0283923652, 0.0521582626, -0.00279977894, -0.0615179539, 0.0347541533, -0.0329842232, -0.0813735127, 0.0227995403, -0.000669800094, 0.0267968886, 0.0120403245, 0.0625642687, 0.0270273145, 0.0458069965, -0.0394760408, -0.0423553735, -0.0185842197, 0.0229603257, 0.0398320481, 0.105074823, 0.00281015341, -0.0421466343, -0.0401669145, -0.00317385257, 0.0751303136, 0.0940298364, 0.0333063304, -0.0228349976, -0.0198203903, -0.0503571965, -0.0399783291, 0.0401415601, 0.0186241716, -0.0526097976, -0.0292364657, 0.10918238, 0.0523114204, -0.0128473099, 0.0147491293, -0.0340971686, 0.0249640383, 0.0044291555, -0.0569380186, -0.00578238117, -0.0015361855, -0.0366058275, -0.00492974883, 0.0596659184, -0.00958165526, 0.0652895272, 0.0386808813, -0.0748594254, -0.0151027888, -0.014954499, 0.0090254806, 0.0259379111, -0.0298761092, 0.0472985916, 0.0992878601, 0.000549115764, -0.0297045857, 0.0207588207, 0.0083111478, 0.0529172495, 0.117935054, 0.0821102783, -0.0714110658, -0.0144042978, -0.0152416825, -0.062867038, 0.0176189765, -0.00162404485, -0.0733445287, -0.0475213528, 0.0399085246, -0.0382525623, 0.0103571462, 0.00966194272, -0.0065839435, 0.0596861914, -0.0031093338, -0.0380185395, -0.00769374799, -0.0458359048, -0.0209209938, 0.030446345, -0.0531444401, -0.0429680943, 0.0556560829, -0.0486101359, 0.0758237168, -0.0118604079, -0.0165647268, -0.0720131546, 0.0298750252, 0.0415611193, 0.0202468727, 0.00331842504, 0.110881701, 0.0216646511, -0.0702141225, -0.0211193096, -0.0713573471, -0.0137678422, 0.0341212377, 0.0154813044, -0.0157165825, -0.0711056888, 0.0536979549, 0.0229196, -0.0496719256, -0.0316804089, -0.0096106194, 0.034146823, -0.00395959523, -0.0234961584, -0.0139691047, -0.00184939278, -0.0287799425, -9.35668686e-06, 0.00687208353, 0.0576800294, -0.0337861702, -0.0531409, 0.0413984805, 0.01719971, -0.0535786413, -0.00229852297, 0.0279825497, -0.0401115082, -0.0258815046, 0.0496465527, -0.117973477, 0.0214595515, 0.0335912444, 0.0171741229, -0.033824496, -0.062415719, 0.0508983359, 0.00985081587, 0.0275535118, 0.0119245704, -0.0279789288, -0.0118476897, -0.0377922058, -0.000462701777, 0.0503270701, -0.0367159918, 0.0315894857, 0.00779434619, 0.0574087575, 0.0176062454, -0.0715057328, -0.0651124418, -0.0211575963, -0.0313639343, 0.00589268189, -0.0633906201, -0.00635819416, 0.0172008108, -0.0895364657, 0.0564550683, 0.0122151533, -0.0207754653, 0.02167302, 0.121565618, -0.0388292521, -0.00150415406, 0.0492187664, 0.0425460748, -0.0813079104, 0.0469263382, 0.0591004379, -0.0265422892, 0.0605811, -0.0636991, -0.0390794128, 0.0331328, 0.0212909412, -0.01272632, -0.0179611929, 0.072742559, 0.0518317558, -0.00220272643, -0.0576419048, 0.00691619655, -0.00945366174, -0.0463985093, 0.0690257326, 0.0182907674, -0.0138514377, 0.0150960153, -0.0846382529, -0.0240383763, 0.059072312, 0.00851606298, -0.0121542169, 0.068004325, -0.0657832548, 0.0735402182, 0.0833122283, -0.0534168296, 0.0210995823, -0.0110127172, 0.00816938188, -0.0136805503, -0.0868156329, 0.0221752785, 0.0233826637, -0.0230500326, 0.0602800921, 0.0656234175, 0.0366909429, 0.0226580612, 0.0435983762, -0.0267016273, -0.0442470722, -0.0414505042, 0.0626184493, -0.0400943644, -0.084673956, -0.0682934299, -0.0444772504, -0.0428175926, 0.0522448272, -0.0226871967, 0.0376575664, 0.0670458, 0.0200836696, 0.0195219964, 0.000139791402, 0.024947932, -0.032402847, -0.0364585519, 0.017258361, 0.0757875741, -0.0244976468, 0.00773264049, 0.0389162712, -0.0317210034, -0.042394, 0.0279947985, 0.0373063125, -0.0051536425, -0.00877133384, 0.0278204642, -0.0623727776, 0.0383644029, 0.0291852541, 0.0492716469, 0.0214541256, -0.0743576959, -0.0241880622, 0.038993068, -0.00625546277, 0.0341148637, -0.0767815188, 0.0183250811, 0.0130035775, -0.0244688969, -0.0543631949, -0.0384869948, -0.0544411913, -0.0971498787, 0.0203988552, 0.0499775484, -0.029849451, -0.0207253955, -0.00650420971, -0.0479782447, -0.0602333546, -0.0300628152, -0.0494163595, -0.0837920904, -0.0344048925, 0.0518532433, -0.00509830378, -0.0317067839, -0.028867228, 0.029154785, -0.0828258768, -0.00520097, 0.031509243, 0.0186172463, 0.0308640134, 0.0430585742, -0.0662275776, 0.00265134755, -0.102749489, 0.0503328629, -0.0619153753, -0.0508609377, 0.0132776499, -0.0543569066, 0.00282864645, 0.023333339, -0.023375893, 0.00722068874, 0.0457583517, -0.0495291501, 0.0476210192, -0.0174254719, 0.0784784481, 0.0063471389, -0.00607194286, 0.0269823559, -0.0713711679, 0.0374354571, 0.00566296792, 0.0151870744, 0.0076843868, 0.0579529218, -0.0161484014, 0.0312182941, 0.041764237, -0.0578531325, 0.0167992041, 0.000564937363, 0.0197171271, -0.00655251695, 0.0520746075, 0.0340053365, -0.0415020883, -0.0075520766, -0.0054654181, -0.0358263366, -0.0115805222, -0.0133765, -0.0465566441, 0.00596944382, -0.00923709478, 0.0148234544, -0.0152446637, 0.0662257224, 0.0791692436, -0.0423271023, 0.00633216929, -0.00863662735, -0.0365448706, 0.0351453349, -0.0738689303, -0.0770216957, -0.0680144504, -0.0705364794, 0.0423019305, 0.0742127523, -0.0567215495, 0.00867815781, 0.0951632187, 0.0318270028, -0.0239923168, 0.0442271233, 0.00360383117, 0.0410273038, -0.00681769103, 0.0134062273, 0.074581854, -0.0375656188, 0.0603473857, -0.0261898879, -0.0438797958, -0.0206657052, 0.0208370611, -0.00549861277, 0.0219647158, -0.0530235022, -0.0156095708, -0.0339332446, -0.0211190749, -0.0652824417, 0.0078777438, 0.0444415, 0.00573256379, 0.024880264, -0.0338890217, -0.00769342296, 0.00642801356, 0.0657985434, -0.087690331, -0.00145568489, 0.0236191545, 0.0725657418, 0.0599647574, -0.0180056766, -0.00594480382, 0.0511835106, 0.0262549184, -0.0324239731, 0.00923675299, -0.00670158677, -0.0390044786, -0.0426403284, 0.0119483229, -0.029252667, 0.0338968225, 0.0382442623, 0.0285857152, -0.0265620388, -0.0191766731, 0.045588702, 0.069020085, 0.0397533961, -0.0119368201, 0.0226681419, -0.0782958716, 0.0255449787, -0.0451769158, -0.0265277401, -0.0676738918, 0.0347086452, -0.00537807448, 0.0286585018, 0.0854796544, -0.0522700027, -0.00756079191, 0.0878277943, 0.0897264406, -0.0363316424, -0.0334309451, -0.00126397621, 0.0197331328, 0.0663706213, -0.0334571265, 0.0356224179, -0.0512751602, -0.0239566583, -0.0412757359, -0.0655639097, 0.0328973122, -0.0418322124, -0.014653571, -0.00718972692, -0.0605420917, 0.000372314506, 0.0549489148, -0.120861575, 0.0216562077, 0.0716042742, -0.0766220465, -0.064844586, -0.00053664163, -0.0262668133, -0.0104075763, -0.116795599]"
21,test,test
22,Halo,"[0.00969669223, 0.0501927026, 0.0445177667, -0.0500607155, 0.0458763093, -0.0590199232, 0.0762257576, -0.0532161966, -0.0228665899, 0.0473632514, 0.0601543635, 0.0528098494, -0.0595237277, -0.0543077178, -0.0706291497, -0.0122296894, 0.0219515041, -0.00920168217, -0.0615764745, -0.07574, 0.0364427939, 0.0621327981, -0.00587578258, 0.0535389297, 0.00814190134, -0.0465557873, -0.0360730849, -0.0435766019, -0.0349173881, 0.0407524854, -0.0642390102, -0.0526037179, -0.0484746322, -0.0289790649, -0.00445288094, 0.062743, -0.00979350414, 0.0099397013, 0.053521663, 0.0120715937, 0.0257992968, -8.20652931e-05, -0.0578417219, -0.00719459774, -0.0145232407, 0.0775534, -0.0330834538, 0.0479101464, -0.0411219746, 0.083713904, 0.08358372, 0.0194802079, 0.075796932, 0.047200568, -0.0633787289, -0.0130315414, 0.0206658375, 0.00263485918, 0.0173477642, -0.00589738879, -0.0712922364, 0.00874272268, 0.0299185794, -0.000756171066, -0.040364977, 0.0595496818, -0.0118038217, 0.0123080956, 0.0775189325, 0.0486538038, -0.0813747272, -0.00697451457, -0.0422621146, -0.00931087881, -0.00973961595, 0.0213352032, -0.0321031511, 0.0234081596, -0.0662353188, -0.0241964087, 0.0446082875, -0.0115769682, -0.0747269914, -0.0245979503, -0.0297331307, 0.0334088579, 0.00500062946, 0.0398019888, -0.0454699248, -0.0429104194, 0.00518129254, 0.0119858226, 0.0354651809, 0.0810772777, -0.028104, -0.0304683223, -0.0724321306, 0.0264276117, 0.0519173816, 0.0491193831, 0.0693443567, -0.029020654, -0.0462220497, -0.0254756734, 0.0258151591, -0.0262494292, 0.0473871715, -0.0392139666, -0.00826565921, 0.0591803826, -0.052815944, 0.045520246, -0.0624002255, 0.0207188651, -0.0141142495, 0.015011536, 0.0306628272, -0.0379336253, -0.079425633, 0.0446416102, -0.0564528666, 0.0110234022, -0.0732563436, 0.0177404862, -0.00186502782, 0.0725530833, -0.0588104166, -0.0765774474, -0.00771994842, -0.033722885, 0.0578813218, 0.0385956, 0.063182041, -0.008934482, -0.0224258639, 0.0196569879, 0.0679127797, 0.0537471361, 0.027630439, -0.024502445, -0.0349030234, -0.0548636466, 0.0608139, -0.082638666, -0.0154415891, 0.0185628012, 0.01595922, -0.06812343, 0.00800544675, -0.0273456741, -0.0454239026, -0.025530003, -0.0775819123, 0.0550739728, -0.0608446039, -0.0441515483, -0.077129893, -0.0810800195, 0.0514013395, 0.0677827522, 0.0283558965, 0.0372463204, -0.0432535522, -0.00894284528, -0.00347068161, -0.0412281454, -0.0433613397, -0.045548398, 0.00548637146, -0.0120878071, -0.0515436083, 0.0520140193, 0.0386126675, 0.0379550792, 0.00782132894, -0.0577792488, 0.0434927419, -0.0795789436, 0.0380680263, -0.0233592987, 0.0731500462, 0.0358061455, 0.0565375872, 0.0594940595, -0.0225354396, -0.0194629543, 0.0601116, 0.00503105344, 0.0546749867, -0.0318337865, -0.0705473572, -0.0602396, 0.0720489, -0.0144953774, 0.0456286371, -0.0653199181, -0.0158598684, -0.0174714141, -0.0217099935, 0.0132032614, 0.0154124694, 0.00775822159, 0.0764483288, 0.0175870638, -0.0314009227, -0.029031042, -0.0567259677, -0.0100361966, -0.00136353169, -0.00148014107, -0.0551600754, -0.0694088712, 0.0182732046, 0.0188078173, -0.0239606965, 0.0166224502, -0.0225940607, -0.00822390337, -0.00577504653, 0.0442722, -0.072004877, 0.0360617898, 0.0677438155, 0.012420333, 0.0564714223, -0.0729527846, -0.0436812527, 0.0125761852, 0.0335077345, 0.0218837727, 0.00867019314, 0.0107981013, 0.0457497835, 0.0833607838, 0.0335811563, 0.0495001972, 0.0125425709, -0.0424617901, -0.0389844216, -0.0465353616, 0.0487602539, -0.0300275479, -0.00645345775, -0.0213792287, -0.067344971, -0.0333704203, -0.00178157876, -0.0323095731, -0.00498188613, -0.0179620869, -0.0778566897, 0.000673936738, -0.0147433151, -0.0373826586, -0.0473597571, -0.00838469248, 0.0512290075, -0.0191655438, 0.0233834982, 0.0452890769, 0.0132423779, 0.0152793191, 0.0143378535, 0.00627393601, 0.022827195, -0.0184663087, 0.0677185208, 0.0192943458, 0.042449072, 0.0395147726, -0.0257013664, -0.00552453101, -0.0148212099, -0.0462925732, 0.0242557414, 0.0490867347, -0.0571268052, -0.066624172, 0.0779219419, 0.0574607328, 0.04925403, -2.75317616e-05, 0.0366380736, 0.0254365671, 0.0193540044, -0.0703295916, 0.020674115, -0.0189739317, -0.0572306849, 0.0463206843, 0.014133973, -0.0226364434, 0.0809847489, -0.0358747318, -0.00307250256, 0.048134312, 0.0503855, -0.0255393088, -0.0453403033, -0.0836410746, 0.0258944146, -0.0815286562, -0.0273650978, -0.0729307607, -0.0216268152, 0.0654685497, 0.0384007581, 0.0172217563, -0.0394157209, -0.00151604635, 0.0814250857, 0.0238864664, -0.0392900929, 0.0137584414, -0.0205869041, -0.0820043162, 0.0668895841, -0.00270825066, -0.0281554163, -0.0648200884, 0.058859393, 0.0433454141, 0.0138844522, 0.0333868675, -0.0412918888, -0.0600080267, -0.0567826852, 0.0702963397, 0.0363088138, -0.0623222366, 0.0132648433, -0.063671276, -0.0661221445, 0.0214845445, -0.0571150444, 0.0317081884, -0.0188516825, 0.0495015718, -0.0275046118, -0.0481527746, 0.0118925329, -0.0462797396, -0.0228817798, -0.0452443063, 0.019112451, 0.0372471288, 0.0123164756, 0.0583732277, -0.0352333561, 0.0244175754, -0.0176970791, -0.00909331, 0.0176983662, -0.0264083985, 0.0690968558, -0.0612109974, -0.0817548633, 0.0761406794, 0.0161035154, -0.0670570359, -0.0331029892, -0.0136346761, 0.0794511884, 0.0220645349, -0.0433029309, -0.0283475444, 0.0687228665, 0.006272614, 0.0624658689, -0.0240687225, 0.0242159422, 0.0106051546, 0.00543828309, -0.00269694161, -0.0155436648, -0.0451054461, 0.00731541, 0.0325304382, -0.00394751783, -0.0808046386, -0.0567945503, -0.0616764873, -0.00541176274, 0.043812681, 0.0596645698, 0.00502787111, -0.0111052562, -0.047871545, 0.00234880694, 0.0804943815, -0.0125135127, -0.0737756714, -0.0191957373, 0.0371856689, -0.0659437329, 0.0236407239, -0.0408559926, 0.0299497657, -0.0410095528, 0.00621320261, -0.00762486132, 0.0827014893, 0.059012711, -0.0461449102, -0.0478899479, 0.0590756685, 0.0464987792, 0.0234683864, 0.0141383968, -0.0475971252, 0.00250018947, -0.0341761895, 0.00736128259, -0.0527818389, -0.0564713515, 0.0820792913, 0.0778255314, 0.0140428822, -0.0175883472, 0.0585313849, -0.057986252, -0.0272514112, -0.0535182878, -0.0411503501, 0.0100275083, 0.0424506813, 0.0103382301, 0.0595468022, -0.0530606, 0.0186212435, 0.0717039183, 0.0139257535, 0.0112097245, -0.0518959872, 0.0441234969, -0.0499009, -0.0582711883, 0.0747351423, -0.0508507676, 0.00803762302, -0.0827283785, -0.000588423747, 0.02250278, 0.0304108523, 0.0461238027, 0.0237924, -0.0507109277, -0.0176086575, -0.0216868892, -0.066537261, 0.0809628516, -0.0642425194, -0.0673962533, -0.0518611632, 0.0627687573, 0.00201266562, -0.00301942602, -0.00507864309, 0.0179135893, 0.0662520081, -0.0364945829, 0.0270952135, 0.0674137101, 0.0483832024, -0.0342183784, -0.0530871265, -0.0746424794, 0.0467357188, -0.0407532901, 0.0404603034, 0.0462813713, -0.0518699065, -0.0309166815, -0.0505744517, 0.010343465, 0.00410458399, -0.0401389375, 0.0821395, 0.00070385891, 0.00631750328, 0.0460545309, -0.0547713973, 0.0415705256, 0.0627443939, -0.0258622561, -0.047928907, -0.0417369828, 0.0558145978, -0.0224813912, 0.0464858785, -0.0176884048, -0.0406560935, -0.0392645039, -0.0249398258, 0.0199158061, -0.0292765349, -0.025297204, -0.0592095964, 0.00620943867, -0.00522908708, 0.0207819, -0.0224001016, 0.0323177502, -0.0814936459, 0.0186182875, 0.0146743925, 0.0344662368, 0.0361857899, -0.0206508357, -0.0231309198, 0.0490873568, -0.020644255]"
23,pohon,"[-0.0105534755, -0.0351982452, 0.00967540592, 0.0662926063, -0.0490457788, 0.0264567528, 0.00999935064, -0.0538296588, 0.0394006073, 0.0219859444, 0.00637308089, 0.0286704171, -0.0126272915, 0.0543052852, -0.0505412221, 0.0491389036, -0.076330252, 0.0206634514, -0.0108749978, -0.0304854121, 0.00486985641, 0.0310237929, -0.00631086063, -0.027347412, -0.023469422, -0.0191003494, 0.0412402116, -0.031347245, 0.00683329068, 0.0286074672, 0.0372821, -0.0522836596, -0.0133274309, -0.0512587577, -0.00764348218, -0.0285841543, 0.00742844818, 0.00274395337, 0.0413732119, 0.0668368787, -0.0074403882, -0.0359166749, -0.0523989499, -0.0379442833, 0.0126769859, 0.00217480701, 0.0142077366, 0.0138142435, -0.0240614228, -0.0177717805, -0.016525887, -0.0212765951, 0.124253973, 0.11672122, -0.0284738168, -0.00540569937, 0.0265419893, 0.0277402494, 0.0812377408, -0.0448696129, -0.0334367603, 0.0301056802, -0.0971014649, 0.00191798655, -0.0678311586, 0.0489154831, -0.0506738871, -0.00525127864, 0.0481132641, 0.0525506064, -0.0331712924, 0.0142978569, -0.0294461735, -0.023738211, -0.0624866821, 0.010885994, -0.0137728369, -0.0739106312, -0.0422605798, 0.0105967298, -0.0396186672, -0.00633962173, 0.00621185685, -0.0345243551, -0.0102955671, 0.0176380295, 0.0114324484, 0.0138075119, -0.00856588874, -0.0316513106, -0.0220031738, 0.0496070646, -0.0129301567, 0.0422932729, 0.00730653666, -0.0148054073, 0.00893892534, -0.0546822138, 0.00176666083, -0.0117613198, 0.0177687332, -0.0435466804, 0.0263797697, 0.0147100976, 0.00644429913, -0.00741613191, -0.00343164499, 0.00869778916, 0.0132699106, -0.0170094725, -0.0393069312, -0.0092345234, -0.0630055815, 0.051103197, 0.00870430656, 0.065589495, 0.00931691565, -0.0466549322, 0.0549212433, 0.0281402376, 0.0238038879, -0.0189926419, -0.0491968393, 0.0267657246, 0.012268451, 0.0613887683, -0.0275885481, 0.0303003415, -0.0245698895, 0.00657301629, -0.0270225089, -0.034748964, 0.161231965, 0.125460565, 0.0476389043, 0.0665999427, 0.0960560888, -0.0311724637, 0.0103158196, 0.00193536433, 0.053598024, -0.0234715249, 0.0625553131, -0.0270410422, -0.0397833809, -0.0503423512, 0.0139693329, -0.0085156858, 0.0411465205, 0.0248276126, -0.0739065334, 0.0583037138, -0.0597355291, 0.0053469711, 0.0521920025, -0.0291054621, -0.0407533944, 0.0427023582, 0.0141212456, 0.0181852318, -0.0131550338, -0.00129374641, 0.0177234914, 0.0170612447, -0.0265476909, 0.0470567495, -0.0300852861, 0.0119473198, -0.0226647668, -0.0247791931, -0.0105632851, 0.0291892104, -0.00522745959, 0.00903004, 0.0488305241, -0.0237697028, 0.0726930127, 0.0286985841, -0.013159995, -0.0721506923, 0.030635573, 0.0678509176, 0.00751858717, -0.0537087321, 0.0145104434, -0.0168600325, 0.0322736, -0.0161192473, -0.00952352211, 0.0786399841, 0.0147033334, 0.0712262616, 0.0770931467, -0.00190573162, -0.0185713619, -0.116919473, -0.0751174763, -0.000844798458, 0.0550039075, -0.0169925094, 0.0104606906, -0.013532714, 0.00647619925, -0.0440736748, -0.0147489402, 0.024501618, 0.0653338209, -0.044290524, 0.0357182473, -0.0822360069, -0.042726215, -0.0352113098, 0.00751677342, 0.00458613923, 0.00913087558, 0.0183968544, -0.00708724046, -0.040284384, -0.02625525, 0.0117670959, -0.0426354557, -0.00831300672, -0.051518444, 0.0369975269, -0.00687551079, -0.0599762723, -0.0300857127, -0.0153641235, -0.0742218569, 0.0427156873, -0.0263191853, -0.129495189, 0.024786301, 0.176981807, -0.00891152211, -0.0206152145, -0.0419037789, 0.00558442483, -0.10917481, -0.0488236807, 0.0331215486, 0.0559534952, -0.0292357858, -0.0262446273, -0.0192416068, -0.0460501425, 0.0488402396, 0.0145164821, -0.0550773777, -0.0580507368, 0.00983128, -0.0539173596, -0.0501764901, -0.0064140847, 0.0438958779, 0.000905932102, 0.0447888039, 0.0746292621, -0.0441197418, -0.00939582754, -0.0474471524, -0.044883687, -0.0230483506, -0.041532252, 0.011678691, -0.0284533482, 0.030795658, -0.0508500412, 0.00162072876, -0.00555221085, 0.0102736494, -0.0408714712, -0.0460472, -0.0859372318, 0.0505174696, 0.0257116444, -0.0469268933, -0.0165756289, 0.0318896286, 0.0612876825, 0.0569057688, 0.016952524, -0.0182591435, 0.0272147041, -0.0176482145, 0.0674100816, 0.0360233635, -0.055767864, -0.0826423764, -0.0285542514, -0.0779495388, -0.0559164956, -0.0314470232, -0.0499037839, 0.0410002731, -0.0397267938, -0.0197238214, 0.0527461395, 0.0686051175, -0.0231247917, -0.0288631916, -0.0289900303, -0.0687840208, 0.00204526377, 0.0173135661, 0.0181896221, -0.0211786814, 1.01754476e-05, 0.0247731, -0.00701242872, -0.00208077021, -0.00455855206, 0.0287239179, -0.0105865635, -0.0173278768, 0.0562910624, -0.00516301952, 0.0681760684, -0.0560435504, -0.0184400752, 0.0945569277, 0.00824867841, -0.0200836826, 0.0177621432, 0.0489724837, 0.0474770926, 0.0344206207, 0.0322542973, -0.0107770376, 0.0122157913, -0.0287392978, -0.0294680521, -0.00739462115, 0.0233631022, -0.0735595077, -0.049007941, 0.0179385915, 0.0438292138, 0.00786272716, 0.0436325967, -0.00793371908, -0.0450299643, -0.0148226898, -0.0245190822, -0.0262551792, -0.0269119684, -0.00335894525, 0.0562360436, 0.00953630917, -0.0228346679, -0.0209333859, 0.00882291887, -0.0761175752, 0.0608290844, -0.00339500397, -0.0450277291, -0.11560677, 0.0186157022, -0.0450957827, 0.0511831306, 0.0115998173, 0.00697301794, 0.14636369, -0.0418791473, -0.0141486954, 0.0317732096, 0.113619789, -0.0106297657, 0.0394010283, -0.0225731954, 0.0127838543, -0.00408671843, 5.57750682e-05, 0.0231674798, -0.0379399918, -0.0313844085, 0.00397773553, -0.0230505336, -0.0321473591, -0.122948803, 0.00424678, 0.026316639, 0.021754222, -0.0755475685, -0.0347610041, -0.0113493185, 0.0303711034, -0.0134182721, 0.0169952847, 0.0224101301, 0.0293239877, 0.0133329201, 0.029312253, -0.04301586, -0.0151118841, -0.0258518644, 0.0689223781, -0.0054650153, -0.0879094824, 0.0242439806, 0.0453544781, 0.0284045935, 0.0103228772, -0.0158214625, -0.00725330459, 0.0154212, 0.098673135, 0.0202509556, 0.000565831375, -0.0262058191, -0.0677935481, -0.00335031305, 0.0121450797, -0.0102765653, 0.00406038342, 0.0277269725, 0.0140783293, -0.0189414155, 0.00569250574, -0.0656097308, 0.00187613699, -0.0338494964, -0.0517377779, 0.0278004594, 0.00932508, 0.0318524279, 0.00494669052, 0.0122996336, -0.0210089982, 0.067008771, 0.0266296454, 0.0990072638, -0.0119445855, -0.0217232555, 0.0461032055, -0.0257735942, -0.0226524435, 0.0228223167, 0.0490017273, 0.100038, 0.02014683, -0.0301526375, 0.0288083758, -0.0366604924, -0.00418037735, 0.0267530587, -0.0339954682, -0.0320681818, 0.0433755033, 0.0673717856, -0.0650191382, -0.0211310498, -0.044556208, 0.0168650635, 0.0324485973, 0.0455211774, -0.0394475721, 0.00162534113, -0.0464047156, 0.0365355611, -0.0535013117, 0.00192857324, 0.0104148583, 0.0686804205, 0.10216441, -0.028380258, 0.0432727449, -0.0496079139, -0.0288324133, -0.00898592919, 0.0129233412, 0.000844561087, -0.0771094561, 0.0259841532, 0.0251582377, -0.0769481659, -0.0100505054, 0.0612209924, 0.0565654822, 0.0605096593, -0.0267442372, -0.109444045, 0.051197309, 0.107560083, -0.0572566763, 0.0338770896, -0.0772320181, 0.080358386, -0.00883166399, 0.0032657187, -0.0320579559, -0.0342068896, 0.00949831773, 0.0041379896, -0.0224390607, -0.0850867629, 0.0233872682, -0.0274372175, -0.0129919881, 0.0112558408, -0.0698048621, 0.0346817821, 0.0262364578, -0.175171971, 0.0795425251, 0.0501150675, 0.0201511979, 0.0121136131, -0.0246966612, -0.0218838025, 0.0246524066, -0.0803563446]"
24,kelapa,"[-0.00936193764, -0.000276827661, 0.0613596588, 0.0449644253, 0.00424783211, 0.0333772562, -0.00122134853, -0.0674150363, 0.0260524098, 0.0208343342, 0.0508294925, 0.0593249165, 0.041673243, -0.0737691224, 0.0335597023, -0.0479393, 0.0285867639, 0.0366605856, -0.0519893728, 0.0225143041, -0.0420904718, 0.0719773471, 0.0546696, -0.0595648289, -0.0340289772, 0.0221104044, -0.0125504732, 0.034099374, 0.0392633379, 0.0434175059, 0.0125111109, -0.0205828212, -0.0619811118, 0.0140935695, 0.0782440752, 0.08098194, 0.0143072437, -0.038108997, 0.0580465309, 0.0145732295, 0.0297941323, 0.0378581956, 0.00905068591, -0.0124594318, -0.040988151, 0.0697085261, -0.0123433266, -0.000147358427, -0.034411218, 0.0178731, 0.0258417297, -0.0183264706, 0.124210022, 0.0927363858, 0.00864313915, 0.0531168841, 0.00621157279, 0.00520583941, 0.0716034696, -0.0206439756, 0.0023525483, 0.00595090073, -0.059689071, 0.00102013594, -0.0387910567, 0.0747545287, -0.0342444628, -0.00617342908, 0.0286803786, 0.0548815876, -0.0678286, -0.0477871262, -0.0730792508, -0.0217745677, 0.0149330841, -0.0103641013, -0.0316705331, 0.0403705277, 0.0363941751, -0.0423598029, -0.0254052281, 0.00769240642, -0.0557972267, -0.072595112, -0.030639356, 0.00333395461, -0.0274676215, -0.00912204199, 0.0575498827, 0.0208797809, 0.0273607094, 0.00761883566, 0.0491066948, 0.0831545219, -0.0186361764, 0.0059035318, -0.0573061965, -0.0543934219, -0.00801881589, -0.00158975413, 0.0464365631, -0.0861467123, 0.0282971188, -0.0511280969, 0.0404679812, 0.0396052338, -0.0349352099, -0.0423685946, 0.0122451345, 0.073869653, 0.0310020428, 0.0387130417, 0.0371217355, -0.0554063693, -0.049191989, -0.0239019115, -0.0420553163, 0.00416691974, -0.0232352056, 0.00886607915, -0.0691254064, 0.0182575174, -0.0107606715, -0.00408943696, -0.035669513, 0.0882595554, -0.00254167127, -0.00467466377, 0.0259180777, -0.0475280657, -0.0451390781, 0.0072680884, 0.12449085, 0.102958128, -0.00462350249, 0.0334020033, 0.0265799295, 0.0434545688, 0.0565875322, 0.00685659749, -0.0477130786, -0.0573606677, 0.0610616095, -0.0801661685, -0.0103351194, 0.0151797, 0.0218729246, -0.0308483206, -0.0153418677, -0.0641408935, -0.0296916608, 0.0705068, -0.0510761216, -0.00995828398, 0.00360944984, -0.0357457474, -0.0537385978, -0.034753222, 0.0469294675, 0.0509680882, 0.031982027, -0.0388046689, -0.0407305323, -0.0554277971, 0.0244543739, 0.0129421344, -0.0780762807, -0.0270455554, 0.0391512, 0.0084678242, -0.0874760151, -0.000877150043, 0.0357159078, -0.051536411, -0.0442150272, 0.0302656312, 0.026437765, 0.0380263217, -0.0465482697, -0.0592714958, -0.0797994286, -0.0197790582, 0.0618722811, -0.0325828046, -0.0215350799, -0.0343281068, -0.00460275821, -0.009061235, 0.0372894891, 0.0168712568, -0.0448724702, 0.0409909636, 0.0877935663, 0.0184412338, 0.00424300041, -0.0856888518, 0.039083641, -0.0207746197, -0.0699849799, -0.040279787, -0.0617855974, 0.0205520745, 0.0522115231, 0.0215323903, 0.0531911328, 0.0113399355, -0.0110242, -0.0438947156, 0.00844781473, 0.00966973417, -0.0250692293, 0.00868040882, -0.0301253553, -0.0113700079, -0.0350425355, -0.0189405382, -0.0163250957, 0.0475180186, -0.0181943346, 0.0318567902, -0.0102629215, -0.0723305866, -0.0105642537, 0.0618268326, 0.000296001148, 0.0151344556, -0.00705171563, -0.00927288085, -0.0326726548, -0.017343048, 0.0134456502, -0.0842180774, 0.0229091011, 0.144796818, 0.0500745103, -0.0356971, -0.0546550862, -0.0020132286, -0.114133768, -0.0231174044, 0.00393105298, -0.00115392939, 0.00448834803, -0.0374091901, 0.00854700431, 0.0180583838, -0.0231391657, -0.00619118847, -0.0476258583, -0.0178991314, 0.0226527378, -0.0062876204, -0.00660515251, -0.044782795, -0.00567552168, -0.00289154495, 0.089041546, 0.0513137542, -0.0114991041, 0.00192880025, -0.0935761407, -0.0486857332, 0.0559067, -0.0600283816, 0.0453015976, 0.000570249918, 0.0193999168, 0.0071992157, 0.0614533909, 0.0153781595, 0.0726260319, -0.0154659953, 0.0179881789, -0.0864154547, 0.0192861483, 0.00529405894, -0.0821808577, -0.0635945126, 0.0215342343, 0.0885779411, -0.0298411567, 0.00741425902, 0.0187129471, 0.0146325594, -0.0473458879, 0.0637875, 0.0550857931, 0.00225049932, -0.080747053, 0.00272112386, 0.0132237319, 0.042927321, 0.00790914707, -0.0589078553, 0.0356744155, 0.0277666673, -0.0226773303, -0.0159437452, 0.043456234, -0.0586436205, 0.00688291481, -0.0441808142, -0.0626382232, -0.0579704382, 0.0366965644, 0.0175786018, 0.0647100806, 0.0186693501, -0.0228774659, 0.022864392, -0.00643266737, 0.00516908942, 0.0189338736, -0.0101532275, 0.0645463467, 0.0305332951, -0.0272301678, 0.0707149208, -0.0749743432, -0.0223847963, 0.019457873, -0.0541326776, 0.071314767, 0.00463426579, -0.0551216267, -0.0402271338, 0.0137560824, -0.0207608752, -0.0201950427, -0.0543537736, 0.00879806653, -0.0449332148, 0.00733826309, 0.0280618444, -0.0663813874, -0.00518757571, 0.0145673305, 0.00779985357, -0.0131958863, -0.000385298772, 0.0314186923, -0.0551328659, -0.00062196533, 0.0343465619, -0.021315001, 0.0365053304, -0.026116142, -0.037538521, 0.045153603, -0.0287348125, 0.0136829522, 0.0387057774, -0.0281496737, 0.0384927168, 0.00567730237, -0.0153421899, -0.104797766, -0.049335368, 0.0124582704, -0.0384703949, -0.0470407456, 0.0229712874, 0.110443607, -0.0130725959, -0.00611292478, -0.0362748541, 0.091512382, 0.0267826822, 0.0730030835, 0.0150947096, 0.0317017063, -0.00968855061, -0.0358254313, 0.0161081981, -0.0449282452, -0.0414060317, 0.0357901268, -0.0713804141, -0.0390758142, -0.0806514844, -0.019601021, 0.0147210015, 0.0331337824, -0.0751728043, 0.0207414273, -0.0301272161, 0.025624888, 0.0284807514, -0.0150448978, 0.0348026268, -0.0621666871, -0.0021280176, -0.0200639311, -0.0194852799, -0.00525820535, -0.0700737089, -0.0509053282, 0.0488435365, 0.0341344886, -0.0486195497, -0.00695575913, 0.00937638525, -0.0297733843, -0.0323279835, 0.0483769588, -0.0323522277, 0.0298685264, 0.0326227695, -0.00599327171, -0.0685021356, -0.0496854372, 0.00420291489, -0.029864816, 0.025677653, -0.0526794419, 0.0555073284, 0.0356871895, -0.0120421471, 0.0288191065, -0.0572720245, 0.0226291548, -0.0185365845, -0.0606176183, 0.0375158899, 0.053443443, -0.0185011718, -0.0323758647, 0.119579904, 0.00770703331, -0.0372168086, -0.0715585947, 0.0389024206, -0.107365854, -0.00319227576, 0.0586497672, 0.0169316344, -0.0380396508, 0.0191708058, -0.0461591519, 0.0935074538, 0.0199160017, 0.0168192461, -0.0135753118, 0.0193476435, 0.0259696804, -0.0380695276, -0.0357425958, -0.00851920899, -0.000971530331, -0.0113242092, 0.044826, -0.0333481543, -0.0177527629, 0.00210981583, 0.037004251, -0.00416491693, 0.00786951836, 0.00611538067, -0.0175750609, 0.0638255924, -0.0308055524, 0.0818256214, 0.0240881573, 0.0957253799, -0.0106305564, -0.0302527156, -0.0450608395, -0.0453043468, -0.0763321295, 0.02701688, 0.0133491391, -0.0314359516, -0.0141353766, 0.0573584549, -0.00668243831, -0.000834423408, -0.0512979366, 0.0640234947, 0.0721133798, 0.0786001, -0.000330138137, -0.0862301439, 0.0709841251, -0.00649123034, -0.00129551499, -0.0563775785, 0.0222672503, -0.0454079062, 0.0346462913, -0.010274034, -0.0495631658, 0.0105434321, -0.0152366171, -0.0136975097, 0.00376830599, 0.00292592729, 0.0575000085, -0.0813690796, 0.0263975188, -0.0664128512, -0.0369242318, -0.00205447851, 0.0823464245, -0.142787948, 0.0897886, 0.0434082076, -0.0852853954, 0.00510511128, -0.017264016, -0.00599328382, 0.0598990135, -0.0380506925]"
